0,#,Название,Название (англ.),Школа магии,Порог сотворения,Источник
0,,,,Ведьмовская магия (Школа Ведьмовства)Ведьмовская магия (Школа Знахарства)Заклинания большого Вааагх!Магия малого Вааагх!Магия Хаоса (Школа Нургла)Магия Хаоса (Школа Слаанеша)Магия Хаоса (Школа Тзинча)Общие заклинанияПростейшие заклинанияТемная магия (Школа Демонологии)Темная магия (Школа Некромантии)Цветная магия (Школа Жизни)Цветная магия (Школа Зверей)Цветная магия (Школа Металла)Цветная магия (Школа Небес)Цветная магия (Школа Огня)Цветная магия (Школа Света)Цветная магия (Школа Смерти)Цветная магия (Школа Теней)Школа Великой Пасти,,Архивы империи - Том 2Ветры магииЗаклинания непревзойденной полезности СулласарыКнига правилКровь и ежевикаМидденхайм - Город Белого ВолкаМоре КогтейПлемена и бедствияПриключения в Убершрейке II: Благословение кровиПриключения в Убершрейке II: Смертоносная посылкаСтартовый набор
176,1,Альманах,Almanac,Цветная магия (Школа Жизни),4,Ветры магии
280,2,Амарант,Amaranth,Цветная магия (Школа Смерти),7,Ветры магии
177,3,Апофеоз жизни,Verdant Apotheosis,Цветная магия (Школа Жизни),16,Ветры магии
159,4,Багряные мечи,Sanguine Swords,Цветная магия (Школа Огня),6,Ветры магии
223,5,Безупречное понимание,Perfect Comprehension,Цветная магия (Школа Света),5,Ветры магии
319,6,Безымянный призыв,Nameless Summons,Ведьмовская магия (Школа Ведьмовства),10,Кровь и ежевика
329,7,Бесконечное пламя,Ceaseless Flame,Цветная магия (Школа Огня),2,Заклинания непревзойденной полезности Сулласары
89,8,Бич демонов,Daemonbane,Цветная магия (Школа Света),10,Книга правил
140,9,Благословение Бел Шанаара,Blessings of Bel Shanaar,Цветная магия (Школа Небес),2,Море Когтей
136,10,Благословение грязью,Bless with Flith,Магия Хаоса (Школа Нургла),6,Мидденхайм - Город Белого Волка
65,11,Блистающая мантия,Glittering Robe,Цветная магия (Школа Металла),5,Книга правил
207,12,Блуждающая тень,Wandering Shadow,Цветная магия (Школа Теней),4,Ветры магии
371,13,Бодание,‘Eadbutt,Заклинания большого Вааагх!,6,Племена и бедствия
178,14,Бодрящий напев,Invigorating Chant,Цветная магия (Школа Жизни),6,Ветры магии
192,15,Брызги мускуса,Musk Spray,Цветная магия (Школа Зверей),2,Ветры магии
224,16,Буйство времени,Time Amok,Цветная магия (Школа Света),11,Ветры магии
346,17,Быкоед,Bullgorger,Школа Великой Пасти,5,Архивы империи - Том 2
97,18,Быстрая смерть,Swift Passing,Цветная магия (Школа Смерти),6,Книга правил
193,19,Бычья стойкость,The Ox Stands,Цветная магия (Школа Зверей),5,Ветры магии
379,20,ВАААГХ!,WAAAGH!,Заклинания большого Вааагх!,12,Племена и бедствия
361,21,Великая зелёная пакость,The Great Green Spite,Магия малого Вааагх!,20,Племена и бедствия
208,22,Великая иллюзия,Grand Illusion,Цветная магия (Школа Теней),14,Ветры магии
350,23,Великая пасть,The Maw,Школа Великой Пасти,11,Архивы империи - Том 2
81,24,Великое пламя У'Зула,Great Fires of U’Zhul,Цветная магия (Школа Огня),10,Книга правил
135,25,Вероломство Тзинча,Treason of Tzeentch,Магия Хаоса (Школа Тзинча),6,Книга правил
73,26,Ветреная удача,Fate’s Fickle Fingers,Цветная магия (Школа Небес),6,Книга правил
376,27,Взгляд Морка,Gaze of Mork,Заклинания большого Вааагх!,5,Племена и бедствия
119,28,Взгляд сквозь Межу,Part the Branches,Ведьмовская магия (Школа Знахарства),0,Книга правил
325,29,Взгляд Смерти,Deathsight,Цветная магия (Школа Смерти),2,Заклинания непревзойденной полезности Сулласары
194,30,Взгляд стаи,Eyes of the Pack,Цветная магия (Школа Зверей),3,Ветры магии
26,31,Взрыв,Blast,Общие заклинания,4,Книга правил
195,32,Взять след,Follow Scent,Цветная магия (Школа Зверей),4,Ветры магии
179,33,Винтовая лестница,Spiral Stair,Цветная магия (Школа Жизни),6,Ветры магии
98,34,Вихрь душ,Soul Vortex,Цветная магия (Школа Смерти),8,Книга правил
160,35,Вкус пламени,Taste of Fire,Цветная магия (Школа Огня),2,Ветры магии
348,36,Вкус смерти,Taste Death,Школа Великой Пасти,2,Архивы империи - Том 2
240,37,Вкус смерти,Taste of Death,Цветная магия (Школа Смерти),7,Ветры магии
57,38,Владыка зверей,Beast Master,Цветная магия (Школа Зверей),10,Книга правил
138,39,"Вода, вода вокруг",Water Water Everywhere,Цветная магия (Школа Жизни),6,Море Когтей
139,40,Водоворот,Whirlpool,Цветная магия (Школа Жизни),6,Море Когтей
225,41,Воздвигнуть строение,Erect the Edifice,Цветная магия (Школа Света),9,Ветры магии
129,42,Вопящий череп,Screaming Skull,Темная магия (Школа Некромантии),8,Книга правил
161,43,Воспламенение,Ignite,Цветная магия (Школа Огня),3,Ветры магии
1,44,Вспышки,Dazzle,Простейшие заклинания,0,Книга правил
74,45,Второе знамение Амула,The Second Portent of Amul,Цветная магия (Школа Небес),6,Книга правил
241,46,Вызов духов,Compel Spirits,Цветная магия (Школа Смерти),6,Ветры магии
255,47,Выправка металла,Metal Mended,Цветная магия (Школа Металла),4,Ветры магии
242,48,Выявление Шаиша,Shyish Uncovered,Цветная магия (Школа Смерти),4,Ветры магии
180,49,Гейзер,Geyser,Цветная магия (Школа Жизни),8,Ветры магии
226,50,Глаза Воланса,Eyes of Volans,Цветная магия (Школа Света),6,Ветры магии
209,51,Глубокие карманы,Deep Pockets,Цветная магия (Школа Теней),5,Ветры магии
243,52,Гнёт времени,Tide of Years,Цветная магия (Школа Смерти),3,Ветры магии
2,53,Гниение,Rot,Простейшие заклинания,0,Книга правил
338,54,Говорящие следы,Track’s tale told,Цветная магия (Школа Жизни),3,Заклинания непревзойденной полезности Сулласары
134,55,Горестное принятие,Acquiescence,Магия Хаоса (Школа Слаанеша),5,Книга правил
360,56,Горк всё исправит,Gork’ll Fix It,Магия малого Вааагх!,5,Племена и бедствия
66,57,Горн Шамона,Crucible of Chamon,Цветная магия (Школа Металла),7,Книга правил
162,58,Горючесть,Kindleflame,Цветная магия (Школа Огня),2,Ветры магии
163,59,Горящая голова,Burning Head,Цветная магия (Школа Огня),6,Ветры магии
327,60,Готовка мяса,Flashcook,Цветная магия (Школа Огня),2,Заклинания непревзойденной полезности Сулласары
143,61,Гроза Торсена,Thorsen’s Thunderstorm,Цветная магия (Школа Небес),11,Ветры магии
359,62,Дар паучьего бога,Gift of the Spider-God,Магия малого Вааагх!,3,Племена и бедствия
27,63,Дезориентация,Distracting,Общие заклинания,4,Книга правил
49,64,Деревянная шкура,Barkskin,Цветная магия (Школа Жизни),3,Книга правил
256,65,Дефект формы,Fault of Form,Цветная магия (Школа Металла),2,Ветры магии
244,66,Дикая порода Зандокса,Wild Kin of Zandox,Цветная магия (Школа Смерти),5,Ветры магии
323,67,Дикий зов,Wildercall,Цветная магия (Школа Зверей),2,Заклинания непревзойденной полезности Сулласары
58,68,Дикое обличье Виссана,Wyssan’s Wildform,Цветная магия (Школа Зверей),8,Книга правил
120,69,Добрая воля,Goodwill,Ведьмовская магия (Школа Знахарства),0,Книга правил
105,70,Доппельгангер,Doppelganger,Цветная магия (Школа Теней),10,Книга правил
181,71,Древесная форма,Wood Shape,Цветная магия (Школа Жизни),8,Ветры магии
3,72,Дротик,Dart,Простейшие заклинания,0,Книга правил
4,73,Друг животных,Animal Friend,Простейшие заклинания,0,Книга правил
144,74,Духовная проекция,Project Spirit,Цветная магия (Школа Небес),7,Ветры магии
28,75,Дырявые руки,Drop,Общие заклинания,1,Книга правил
29,76,Едкий ихор,Corrosive Blood,Общие заклинания,4,Книга правил
352,77,Желчевар,Bilebrew,Школа Великой Пасти,6,Племена и бедствия
368,78,Жёсткий как гвоздь,‘Ard as Nails,Заклинания большого Вааагх!,3,Племена и бедствия
334,79,Жесткость стали,Rigor of steel,Цветная магия (Школа Металла),6,Заклинания непревзойденной полезности Сулласары
137,80,Живая трясина,Living Mire,Цветная магия (Школа Жизни),8,Море Когтей
182,81,Жизненный рост,Vital Growth,Цветная магия (Школа Жизни),7,Ветры магии
50,82,Жир земли,Fat of the Land,Цветная магия (Школа Жизни),4,Книга правил
210,83,Замешательство,Bewilder,Цветная магия (Школа Теней),5,Ветры магии
310,84,Застывание,Congeal,Ведьмовская магия (Школа Ведьмовства),4,Кровь и ежевика
245,85,Заточение души,Animus Imprisoned,Цветная магия (Школа Смерти),12,Ветры магии
67,86,Зачарование оружия,Enchant Weapon,Цветная магия (Школа Металла),6,Книга правил
5,87,Защита от дождя,Protection from Rain,Простейшие заклинания,0,Книга правил
30,88,Защита от стрел,Arrow Shield,Общие заклинания,3,Книга правил
90,89,Защита Пха,Phâ’s Protection,Цветная магия (Школа Света),10,Книга правил
121,90,Защитный талисман,Protective Charm,Ведьмовская магия (Школа Знахарства),0,Книга правил
145,91,Звездный свет,Starshine,Цветная магия (Школа Небес),8,Ветры магии
196,92,Зверское полчище Мерсиса,Merciw’s Monstrous Regiment,Цветная магия (Школа Зверей),13,Ветры магии
6,93,Звуки,Sounds,Простейшие заклинания,0,Книга правил
51,94,Земляная купель,Earthpool,Цветная магия (Школа Жизни),8,Книга правил
314,95,Зеркальная бездна,Mirrored Abyss,Ведьмовская магия (Школа Ведьмовства),16,Кровь и ежевика
142,96,Зеркальная гладь,Sea of Glass,Цветная магия (Школа Небес),10,Море Когтей
197,97,Зимняя шуба,Winter Coat,Цветная магия (Школа Зверей),2,Ветры магии
257,98,Златой заслон,Goldsteel shielding,Цветная магия (Школа Металла),10,Ветры магии
373,99,Злое светило,The Evil Sun,Заклинания большого Вааагх!,12,Племена и бедствия
296,100,Злонамеренность,Badwill,Ведьмовская магия (Школа Знахарства),0,Кровь и ежевика
0,,,,Ведьмовская магия (Школа Ведьмовства)Ведьмовская магия (Школа Знахарства)Заклинания большого Вааагх!Магия малого Вааагх!Магия Хаоса (Школа Нургла)Магия Хаоса (Школа Слаанеша)Магия Хаоса (Школа Тзинча)Общие заклинанияПростейшие заклинанияТемная магия (Школа Демонологии)Темная магия (Школа Некромантии)Цветная магия (Школа Жизни)Цветная магия (Школа Зверей)Цветная магия (Школа Металла)Цветная магия (Школа Небес)Цветная магия (Школа Огня)Цветная магия (Школа Света)Цветная магия (Школа Смерти)Цветная магия (Школа Теней)Школа Великой Пасти,,Архивы империи - Том 2Ветры магииЗаклинания непревзойденной полезности СулласарыКнига правилКровь и ежевикаМидденхайм - Город Белого ВолкаМоре КогтейПлемена и бедствияПриключения в Убершрейке II: Благословение кровиПриключения в Убершрейке II: Смертоносная посылкаСтартовый набор
130,101,Зов Ванхеля,Vanhel’s Call,Темная магия (Школа Некромантии),6,Книга правил
68,102,Золото дурака,Fool’s Gold,Цветная магия (Школа Металла),4,Книга правил
258,103,Золотое касание,Golden Touch,Цветная магия (Школа Металла),7,Ветры магии
259,104,Золотой шар Геенны,Gehenna's Golden Globe,Цветная магия (Школа Металла),13,Ветры магии
260,105,Золочёная клетка,Gilded Cage,Цветная магия (Школа Металла),9,Ветры магии
355,106,Зуболом,Toothcracker,Школа Великой Пасти,8,Племена и бедствия
91,107,Изгнание,Banishment,Цветная магия (Школа Света),12,Книга правил
308,108,Изгнание Бедствия,Banishment of Böl,Ведьмовская магия (Школа Ведьмовства),8,Кровь и ежевика
211,109,Изменчивый облик,Mutable Visage,Цветная магия (Школа Теней),4,Ветры магии
318,110,Изменчивый путь,Wayward Path,Ведьмовская магия (Школа Ведьмовства),13,Кровь и ежевика
106,111,Иллюзия,Illusion,Цветная магия (Школа Теней),8,Книга правил
183,112,Искатель лей-линий,Leyfinding,Цветная магия (Школа Жизни),5,Ветры магии
164,113,Испепеляющий жар,Withering Heat,Цветная магия (Школа Огня),9,Ветры магии
7,114,Испивание,Drain,Простейшие заклинания,0,Книга правил
333,115,История металла,Tale of Metal,Цветная магия (Школа Металла),3,Заклинания непревзойденной полезности Сулласары
8,116,Источник,Spring,Простейшие заклинания,0,Книга правил
320,117,Исцеление зверя,Beast Made Well,Цветная магия (Школа Зверей),3,Заклинания непревзойденной полезности Сулласары
357,118,Каварные словечки,Cunnin’ Words,Магия малого Вааагх!,0,Племена и бедствия
227,119,Капкан Абуллы,Abulla's Snare,Цветная магия (Школа Света),5,Ветры магии
165,120,Кипящая кровь,Boiling Blood,Цветная магия (Школа Огня),5,Ветры магии
146,121,Клинки Азира,Azure Blades,Цветная магия (Школа Небес),6,Ветры магии
75,122,Комета Касандоры,Comet of Casandora,Цветная магия (Школа Небес),10,Книга правил
328,123,Комфорт,Comfort,Цветная магия (Школа Огня),3,Заклинания непревзойденной полезности Сулласары
9,124,Консервация,Conserve,Простейшие заклинания,0,Книга правил
326,125,Консервация,Preservation,Цветная магия (Школа Смерти),5,Заклинания непревзойденной полезности Сулласары
99,126,Коса Шаиша,Scythe of Shyish,Цветная магия (Школа Смерти),6,Книга правил
345,127,Костедробитель,Bonecrusher,Школа Великой Пасти,5,Архивы империи - Том 2
309,128,Костолом,Bonesnapper,Ведьмовская магия (Школа Ведьмовства),6,Кровь и ежевика
297,129,Костоправ,Bonesetter,Ведьмовская магия (Школа Знахарства),0,Кровь и ежевика
166,130,Костровой дух,Kindred of the Hearth,Цветная магия (Школа Огня),4,Ветры магии
184,131,Кровавые слёзы природы,Gardener's Warcry,Цветная магия (Школа Жизни),9,Ветры магии
52,132,Кровь земли,Earthblood,Цветная магия (Школа Жизни),6,Книга правил
353,133,Кровянка,Bloodgruel,Школа Великой Пасти,5,Племена и бедствия
167,134,Кузница Тарнуса,Forge of Tarnus,Цветная магия (Школа Огня),6,Ветры магии
69,135,Кузница Шамона,Forge of Chamon,Цветная магия (Школа Металла),9,Книга правил
374,136,Кулаки Горка,Fists of Gork,Заклинания большого Вааагх!,2,Племена и бедствия
31,137,Купол,Dome,Общие заклинания,7,Книга правил
76,138,Лазурный щит,Cerulean Shield,Цветная магия (Школа Небес),7,Книга правил
100,139,Ласка Ланиф,Caress of Laniph,Цветная магия (Школа Смерти),7,Книга правил
10,140,Лёгкая поступь,Careful Step,Простейшие заклинания,0,Книга правил
53,141,Лес шипов,Forest of Thorns,Цветная магия (Школа Жизни),6,Книга правил
337,142,Лесной свод,Timbervault,Цветная магия (Школа Жизни),4,Заклинания непревзойденной полезности Сулласары
54,143,Лик земли,Lie of the Land,Цветная магия (Школа Жизни),5,Книга правил
147,144,Линза на небесах,Lens on the sky,Цветная магия (Школа Небес),3,Ветры магии
185,145,Листопад,Leaf Fall,Цветная магия (Школа Жизни),6,Ветры магии
11,146,Ловкие руки,Sly Hands,Простейшие заклинания,0,Книга правил
12,147,Магическая отмычка,Open Lock,Простейшие заклинания,0,Книга правил
13,148,Магические светляки,Marsh Lights,Простейшие заклинания,0,Книга правил
15,149,Магический компас,Bearings,Простейшие заклинания,0,Книга правил
14,150,Магический огонёк,Magic Flame,Простейшие заклинания,0,Книга правил
32,151,Магический щит,Magic Shield,Общие заклинания,4,Книга правил
168,152,Магмовый шторм,Magma Storm,Цветная магия (Школа Огня),13,Ветры магии
313,153,Магнетит,Lodestone,Ведьмовская магия (Школа Ведьмовства),6,Кровь и ежевика
228,154,Мерцающий покров,Shimmering Cloak,Цветная магия (Школа Света),9,Ветры магии
261,155,Метеорная нерушимость,Meteoric Ironclad,Цветная магия (Школа Металла),7,Ветры магии
262,156,Метод проб и ошибок,Trial and Error,Цветная магия (Школа Металла),3,Ветры магии
107,157,Мистический туман,Mystifying Miasma,Цветная магия (Школа Теней),6,Книга правил
148,158,Мистраль из стратосферы,Mistral From the Stratosphere,Цветная магия (Школа Небес),5,Ветры магии
370,159,Мозговзрыв,Brainbursta,Заклинания большого Вааагх!,5,Племена и бедствия
347,160,Мозгоглот,Braingobbler,Школа Великой Пасти,5,Архивы империи - Том 2
363,161,Морк вазьмёт тибя!,Mork Wants Ya!,Магия малого Вааагх!,9,Племена и бедствия
378,162,"Морк, выручай нас!",Mork Save Us!,Заклинания большого Вааагх!,8,Племена и бедствия
33,163,Мост,Bridge,Общие заклинания,4,Книга правил
212,164,Мост теней,Bridge of Shadows,Цветная магия (Школа Теней),4,Ветры магии
369,165,"Мочи их, парни!",Bash ‘Em Lads!,Заклинания большого Вааагх!,6,Племена и бедствия
367,166,Мстительный взгляд,Vindictive Glare,Магия малого Вааагх!,7,Племена и бедствия
198,167,Мстящий колпак,Vengeful Hood,Цветная магия (Школа Зверей),7,Ветры магии
229,168,Натиск камня,Assault of Stone,Цветная магия (Школа Света),12,Ветры магии
263,169,Начертание,Inscription,Цветная магия (Школа Металла),2,Ветры магии
169,170,Негасимое пламя,Inextinguishable Flame,Цветная магия (Школа Огня),3,Ветры магии
293,171,Неконтролируемое телесное извержение,Uncontrollable Corporal Expulsion,Магия Хаоса (Школа Слаанеша),6,Приключения в Убершрейке II: Благословение крови
77,172,Несчастливая звезда,Starcrossed,Цветная магия (Школа Небес),7,Книга правил
199,173,Неукротимый зверь,Beast Unbroken,Цветная магия (Школа Зверей),4,Ветры магии
186,174,Нефритовый ларь,Jade Casket,Цветная магия (Школа Жизни),5,Ветры магии
375,175,Нога Горка,Foot of Gork,Заклинания большого Вааагх!,10,Племена и бедствия
34,176,Ночное зрение,Dark Vision,Общие заклинания,1,Книга правил
200,177,Обвивающий червь,Writhing Worm,Цветная магия (Школа Зверей),4,Ветры магии
35,178,Обездвижение,Entangle,Общие заклинания,3,Книга правил
36,179,Оберег,Ward,Общие заклинания,5,Книга правил
59,180,Облик зверя,Beast Form,Цветная магия (Школа Зверей),5,Книга правил
125,181,Обнаружение демона,Detect Daemon,Темная магия (Школа Демонологии),4,Книга правил
299,182,Обогащение почвы,Fertilise,Ведьмовская магия (Школа Знахарства),0,Кровь и ежевика
213,183,Обратная иллюзия Риболда,Ribauld’s Retroactive Illusion,Цветная магия (Школа Теней),11,Ветры магии
37,184,Обыденная аура,Mundane Aura,Общие заклинания,4,Книга правил
246,185,Обьятия Иирту,Iyrtu’s Embrace,Цветная магия (Школа Смерти),4,Ветры магии
82,186,Огненная стена,Firewall,Цветная магия (Школа Огня),6,Книга правил
170,187,Огненное тело,Body of Fire,Цветная магия (Школа Огня),5,Ветры магии
83,188,Огненный венец,Crown of Flame,Цветная магия (Школа Огня),8,Книга правил
171,189,Огненный шторм,Flamestorm,Цветная магия (Школа Огня),8,Ветры магии
131,190,Оживление мёртвых,Reanimate,Темная магия (Школа Некромантии),8,Книга правил
149,191,Озарение судьбы,Fate illuminated,Цветная магия (Школа Небес),5,Ветры магии
187,192,Окаменение,Flesh of Stone,Цветная магия (Школа Жизни),9,Ветры магии
126,193,Октаграмма,Octagram,Темная магия (Школа Демонологии),10,Книга правил
264,194,Оловянная броня,Armour of Tin,Цветная магия (Школа Металла),4,Ветры магии
303,195,Онерион,Onerion,Ведьмовская магия (Школа Знахарства),0,Кровь и ежевика
141,196,Оптимальное решение для стрельбы от Ниезлиб,Niezlib’s Optimal Firing Solution,Цветная магия (Школа Небес),6,Море Когтей
230,197,Осветить строение,Illuminate the Edifice,Цветная магия (Школа Света),4,Ветры магии
341,198,Освещение,Illuminate,Цветная магия (Школа Света),3,Заклинания непревзойденной полезности Сулласары
324,199,Остановить руку смерти,Stay Death’s Hand,Цветная магия (Школа Смерти),3,Заклинания непревзойденной полезности Сулласары
304,200,Отважный дух,Stout Spirit,Ведьмовская магия (Школа Знахарства),0,Кровь и ежевика
0,,,,Ведьмовская магия (Школа Ведьмовства)Ведьмовская магия (Школа Знахарства)Заклинания большого Вааагх!Магия малого Вааагх!Магия Хаоса (Школа Нургла)Магия Хаоса (Школа Слаанеша)Магия Хаоса (Школа Тзинча)Общие заклинанияПростейшие заклинанияТемная магия (Школа Демонологии)Темная магия (Школа Некромантии)Цветная магия (Школа Жизни)Цветная магия (Школа Зверей)Цветная магия (Школа Металла)Цветная магия (Школа Небес)Цветная магия (Школа Огня)Цветная магия (Школа Света)Цветная магия (Школа Смерти)Цветная магия (Школа Теней)Школа Великой Пасти,,Архивы империи - Том 2Ветры магииЗаклинания непревзойденной полезности СулласарыКнига правилКровь и ежевикаМидденхайм - Город Белого ВолкаМоре КогтейПлемена и бедствияПриключения в Убершрейке II: Благословение кровиПриключения в Убершрейке II: Смертоносная посылкаСтартовый набор
340,201,Отвращение,Disgust,Цветная магия (Школа Света),5,Заклинания непревзойденной полезности Сулласары
201,202,Охотничья Луна,Hunter’s Moons,Цветная магия (Школа Зверей),8,Ветры магии
339,203,Очищающее сияние,Cleansing Glow,Цветная магия (Школа Света),3,Заклинания непревзойденной полезности Сулласары
16,204,Очищение воды,Purify Water,Простейшие заклинания,0,Книга правил
84,205,Очищение огнём,Purge,Цветная магия (Школа Огня),10,Книга правил
17,206,Ошеломление,Shock,Простейшие заклинания,0,Книга правил
122,207,Панацея,Nostrum,Ведьмовская магия (Школа Знахарства),0,Книга правил
108,208,Пелена невидимости,Shroud of Invisibility,Цветная магия (Школа Теней),8,Книга правил
247,209,Пепел и прах,Ashes and Dust,Цветная магия (Школа Смерти),9,Ветры магии
78,210,Первое знамение Амула,The First Portent of Amul,Цветная магия (Школа Небес),3,Книга правил
343,211,Плащ Теней,Cloak Activity,Цветная магия (Школа Теней),6,Заклинания непревзойденной полезности Сулласары
70,212,Податливый металл,Mutable Metal,Цветная магия (Школа Металла),5,Книга правил
188,213,Подземный народец,Dwellers Below,Цветная магия (Школа Жизни),13,Ветры магии
290,214,Подлый втык,Sneaky Stabbin’,Магия малого Вааагх!,2,Стартовый набор
366,215,Подлый удар,Sneaky Stabbin’,Магия малого Вааагх!,8,Племена и бедствия
18,216,Подслушивание,Eavesdrop,Простейшие заклинания,0,Книга правил
351,217,Пожирание падших,Feast of the Fallen,Школа Великой Пасти,9,Архивы империи - Том 2
265,218,Познание неведомого,Breach the Unknown,Цветная магия (Школа Металла),4,Ветры магии
364,219,Покров ночи,Night Shroud,Магия малого Вааагх!,5,Племена и бедствия
344,220,Покров Тьмы,Pall of Darkness,Цветная магия (Школа Теней),5,Заклинания непревзойденной полезности Сулласары
38,221,Полёт,Flight,Общие заклинания,8,Книга правил
113,222,Ползучая напасть,Creeping Menace,Ведьмовская магия (Школа Ведьмовства),6,Книга правил
150,223,Полировка и сборка,Polish and Glean,Цветная магия (Школа Небес),1,Ветры магии
114,224,Порча,Blight,Ведьмовская магия (Школа Ведьмовства),14,Книга правил
19,225,Порыв ветра,Gust,Простейшие заклинания,0,Книга правил
101,226,Посмертные слова,Dying Words,Цветная магия (Школа Смерти),6,Книга правил
133,227,Поток скверны,Stream of Corruption,Магия Хаоса (Школа Нургла),9,Книга правил
312,228,Похититель Судьбы,Fatethief,Ведьмовская магия (Школа Ведьмовства),9,Кровь и ежевика
102,229,Похищение жизни,Steal Life,Цветная магия (Школа Смерти),7,Книга правил
291,230,Почесуха,Itchy Nuisance,Магия малого Вааагх!,4,Стартовый набор
362,231,Почесуха,Itchy Nuisance,Магия малого Вааагх!,4,Племена и бедствия
20,232,Появление зверушки,Produce Small Animal,Простейшие заклинания,0,Книга правил
214,233,Предательство Тарна,Traitor of Tarn,Цветная магия (Школа Теней),12,Ветры магии
151,234,Предвиденный враг,Enemy foreseen,Цветная магия (Школа Небес),4,Ветры магии
21,235,Предостережение,Warning,Простейшие заклинания,0,Книга правил
152,236,Предсказание,Divination,Цветная магия (Школа Небес),3,Ветры магии
202,237,Преображение Кадона,Transformation of Kadon,Цветная магия (Школа Зверей),14,Ветры магии
85,238,Прижигание,Cauterise,Цветная магия (Школа Огня),4,Книга правил
266,239,Призматическое преломление Хабермаса,Prismatic Refraction of Habermas,Цветная магия (Школа Металла),5,Ветры магии
301,240,Призрачная отрава,Geistbane,Ведьмовская магия (Школа Знахарства),0,Кровь и ежевика
189,241,Призрачная трансмогрификация Колхиды,Vaunted Transmogrification of Colchis,Цветная магия (Школа Жизни),6,Ветры магии
132,242,Призыв костяков,Raise Dead,Темная магия (Школа Некромантии),8,Книга правил
295,243,Призыв на Пляску Смерти Ванхеля,Vanhel's invitation on the Dance Macabre,Темная магия (Школа Некромантии),16,Приключения в Убершрейке II: Смертоносная посылка
127,244,Призыв низшего демона,Manifest Lesser Daemon,Темная магия (Школа Демонологии),8,Книга правил
203,245,Призыв скакуна,Summon Mount,Цветная магия (Школа Зверей),6,Ветры магии
248,246,Принятие судьбы,Acceptance of Fate,Цветная магия (Школа Смерти),2,Ветры магии
204,247,Пробуждение леса,Awakening of the Wood,Цветная магия (Школа Зверей),8,Ветры магии
205,248,Проклятие Анрахейра,Curse of Anraheir,Цветная магия (Школа Зверей),5,Ветры магии
315,249,Проклятие изгоя,Outcast’s Curse,Ведьмовская магия (Школа Ведьмовства),6,Кровь и ежевика
311,250,Проклятие коварного языка,Curse of the Treacherous Tongue,Ведьмовская магия (Школа Ведьмовства),6,Кровь и ежевика
115,251,Проклятие нестерпимой боли,Curse of Crippling Pain,Ведьмовская магия (Школа Ведьмовства),10,Книга правил
116,252,Проклятие неудачи,Curse of Ill-Fortune,Ведьмовская магия (Школа Ведьмовства),8,Книга правил
153,253,Проклятие судьбы,Curse of fate,Цветная магия (Школа Небес),8,Ветры магии
117,254,Проклятое место,Haunting Horror,Ведьмовская магия (Школа Ведьмовства),8,Книга правил
358,255,Проклятье паганой луны,Curse of Da Bad Moon,Магия малого Вааагх!,9,Племена и бедствия
267,256,Проклятье ржавчины,Curse of Rust,Цветная магия (Школа Металла),4,Ветры магии
330,257,Птичий говор,Birdspeech,Цветная магия (Школа Небес),4,Заклинания непревзойденной полезности Сулласары
103,258,Пурпурный саван Шаиша,Purple Pall of Shyish,Цветная магия (Школа Смерти),9,Книга правил
154,259,Пусть дуют четыре ветра!,Let the Four Winds Blow!,Цветная магия (Школа Небес),9,Ветры магии
300,260,Путы Оков,Fetterfetch,Ведьмовская магия (Школа Знахарства),0,Кровь и ежевика
190,261,Путь Паранота,Paranoth's Pathway,Цветная магия (Школа Жизни),4,Ветры магии
172,262,Пылающая буря Йигетмора,Ygethmor’s Flaming Blizzard,Цветная магия (Школа Огня),12,Ветры магии
86,263,Пылающий меч Рюина,Flaming Sword of Rhuin,Цветная магия (Школа Огня),8,Книга правил
87,264,Пылкие сердца,Flaming Hearts,Цветная магия (Школа Огня),8,Книга правил
302,265,Разжигание,Kindle,Ведьмовская магия (Школа Знахарства),0,Кровь и ежевика
79,266,Разряд Т'Эсслы,T’Essla’s Arc,Цветная магия (Школа Небес),7,Книга правил
321,267,Расплата за жестокость,Cruelty’s Deserts,Цветная магия (Школа Зверей),2,Заклинания непревзойденной полезности Сулласары
268,268,Распутанный узел,Knot Untied,Цветная магия (Школа Металла),5,Ветры магии
39,269,Расталкивание,Push,Общие заклинания,6,Книга правил
231,270,Расщелина,Crevasse,Цветная магия (Школа Света),8,Ветры магии
55,271,Регенерация,Regenerate,Цветная магия (Школа Жизни),6,Книга правил
269,272,Репликация Леворга,Replication of Levorg,Цветная магия (Школа Металла),6,Ветры магии
215,273,Рог Андара,Horn of Andar,Цветная магия (Школа Теней),5,Ветры магии
377,274,Рука Горка,The Hand of Gork,Заклинания большого Вааагх!,9,Племена и бедствия
232,275,Руки Каркоры,Hands of Karkora,Цветная магия (Школа Света),8,Ветры магии
155,276,Сапфировая арка,Sapphire Arch,Цветная магия (Школа Небес),6,Ветры магии
22,277,Свет,Light,Простейшие заклинания,0,Книга правил
233,278,Свет очищения,Light of Purity,Цветная магия (Школа Света),6,Ветры магии
71,279,Свинцовое перо,Feather of Lead,Цветная магия (Школа Металла),5,Книга правил
316,280,Связывающий Договор,Pactbind,Ведьмовская магия (Школа Ведьмовства),5,Кровь и ежевика
104,281,Священный круг,Sanctify,Цветная магия (Школа Смерти),10,Книга правил
118,282,Сглаз,The Evil Eye,Ведьмовская магия (Школа Ведьмовства),6,Книга правил
270,283,Серебряный компас Пачты,Puchta's Silver Compass,Цветная магия (Школа Металла),2,Ветры магии
216,284,Серые крылья,Grey Wings,Цветная магия (Школа Теней),5,Ветры магии
92,285,Сеть Аминтока,Net of Amyntok,Цветная магия (Школа Света),8,Книга правил
234,286,Сиюминутный библиотекарь Мейснера,Meissner's Instantaneous Librarian,Цветная магия (Школа Света),2,Ветры магии
235,287,Сквозь пелену,Pierce the Veil,Цветная магия (Школа Света),4,Ветры магии
249,288,Скорость Ликоса,Speed of Lykos,Цветная магия (Школа Смерти),3,Ветры магии
93,289,Скорость мысли,Speed of Thought,Цветная магия (Школа Света),8,Книга правил
236,290,Слепящее сияние,Dazzling Brightness,Цветная магия (Школа Света),5,Ветры магии
94,291,Слепящий свет,Blinding Light,Цветная магия (Школа Света),5,Книга правил
279,292,Смертельное освобождение,Death’s Release,Цветная магия (Школа Смерти),5,Ветры магии
60,293,Смертоносная стая,Flock of Doom,Цветная магия (Школа Зверей),8,Книга правил
40,294,Смертоносное дыхание,Breath,Общие заклинания,6,Книга правил
123,295,Снадобье забвения,Nepenthe,Ведьмовская магия (Школа Знахарства),0,Книга правил
354,296,Соберись!,Get Some Guts,Школа Великой Пасти,6,Племена и бедствия
307,297,Соглашение Богов,Godspakt,Ведьмовская магия (Школа Знахарства),0,Кровь и ежевика
23,298,Сон,Sleep,Простейшие заклинания,0,Книга правил
317,299,Сосуд Боли,Painjar,Ведьмовская магия (Школа Ведьмовства),7,Кровь и ежевика
322,300,Союзник Виссана,Wyssan’s Ally,Цветная магия (Школа Зверей),4,Заклинания непревзойденной полезности Сулласары
0,,,,Ведьмовская магия (Школа Ведьмовства)Ведьмовская магия (Школа Знахарства)Заклинания большого Вааагх!Магия малого Вааагх!Магия Хаоса (Школа Нургла)Магия Хаоса (Школа Слаанеша)Магия Хаоса (Школа Тзинча)Общие заклинанияПростейшие заклинанияТемная магия (Школа Демонологии)Темная магия (Школа Некромантии)Цветная магия (Школа Жизни)Цветная магия (Школа Зверей)Цветная магия (Школа Металла)Цветная магия (Школа Небес)Цветная магия (Школа Огня)Цветная магия (Школа Света)Цветная магия (Школа Смерти)Цветная магия (Школа Теней)Школа Великой Пасти,,Архивы империи - Том 2Ветры магииЗаклинания непревзойденной полезности СулласарыКнига правилКровь и ежевикаМидденхайм - Город Белого ВолкаМоре КогтейПлемена и бедствияПриключения в Убершрейке II: Благословение кровиПриключения в Убершрейке II: Смертоносная посылкаСтартовый набор
41,301,Стрела,Bolt,Общие заклинания,4,Книга правил
289,302,Стремительная поступь,Quick Passage,Цветная магия (Школа Зверей),4,Ветры магии
365,303,Стыбзить!,Nikkit!,Магия малого Вааагх!,3,Племена и бедствия
124,304,Сумеречная прогулка,Mirkride,Ведьмовская магия (Школа Знахарства),0,Книга правил
288,305,Сущность тени,Substance of Shadow,Цветная магия (Школа Теней),9,Ветры магии
282,306,Сфера Хиш,Orb of Hysh,Цветная магия (Школа Света),5,Ветры магии
156,307,Таинственное зеркало,Mystic Mirror,Цветная магия (Школа Небес),7,Ветры магии
306,308,Талисман несчастья,Woecharm,Ведьмовская магия (Школа Знахарства),0,Кровь и ежевика
287,309,Танец безнадёги,Dance of Despair,Цветная магия (Школа Теней),13,Ветры магии
42,310,Телекинез,Move Object,Общие заклинания,4,Книга правил
278,311,Телепатия,Telepathy,Цветная магия (Школа Смерти),1,Ветры магии
43,312,Телепортация,Teleport,Общие заклинания,5,Книга правил
286,313,Теневая роща,Shadow Grove,Цветная магия (Школа Теней),5,Ветры магии
109,314,Теневой скакун,Shadowsteed,Цветная магия (Школа Теней),6,Книга правил
342,315,Тени великолепия,Shadows of Splendour,Цветная магия (Школа Теней),4,Заклинания непревзойденной полезности Сулласары
285,316,Тишина,Hush,Цветная магия (Школа Теней),3,Ветры магии
305,317,Транкрафт,Trankraft,Ведьмовская магия (Школа Знахарства),0,Кровь и ежевика
72,318,Трансмутация Шамона,Transmutation of Chamon,Цветная магия (Школа Металла),12,Книга правил
80,319,Третье знамение Амула,The Third Portent of Amul,Цветная магия (Школа Небес),12,Книга правил
349,320,Трольи потроха,Trollguts,Школа Великой Пасти,6,Архивы империи - Том 2
24,321,Тычок,Twitch,Простейшие заклинания,0,Книга правил
277,322,Увядание конечностей,Limbwither,Цветная магия (Школа Смерти),5,Ветры магии
356,323,Угомонись!,Behave!,Магия малого Вааагх!,2,Племена и бедствия
110,324,Удушающие тени,Choking Shadows,Цветная магия (Школа Теней),6,Книга правил
44,325,Ужасающий облик,Terrifying,Общие заклинания,7,Книга правил
128,326,Уничтожение низшего демона,Destroy Lesser Daemon,Темная магия (Школа Демонологии),6,Книга правил
111,327,Ускользающие воспоминания,Mindslip,Цветная магия (Школа Теней),6,Книга правил
45,328,Устрашающий облик,Fearsome,Общие заклинания,3,Книга правил
294,329,Усыпляющее затишье,Soporific lull,Магия Хаоса (Школа Слаанеша),6,Приключения в Убершрейке II: Благословение крови
276,330,Участь Бьюны,Fate of Bjuna,Цветная магия (Школа Смерти),8,Ветры магии
157,331,Фантастическое предсказание,Fantastic foresight,Цветная магия (Школа Небес),7,Ветры магии
336,332,Фермент,Ferment,Цветная магия (Школа Жизни),3,Заклинания непревзойденной полезности Сулласары
331,333,Флюгер,Weathervane,Цветная магия (Школа Небес),2,Заклинания непревзойденной полезности Сулласары
174,334,Холерик,Choleric,Цветная магия (Школа Огня),2,Ветры магии
275,335,Хрустальный лабиринт,Crystal Maze,Цветная магия (Школа Смерти),13,Ветры магии
56,336,Цветение жизни,Lifebloom,Цветная магия (Школа Жизни),8,Книга правил
281,337,Целеустремлённость,Driving intent,Цветная магия (Школа Света),4,Ветры магии
95,338,Целительный свет,Healing Light,Цветная магия (Школа Света),9,Книга правил
46,339,Цепной разряд,Chain Attack,Общие заклинания,6,Книга правил
175,340,Чарующее пламя,Captivating Flame,Цветная магия (Школа Огня),3,Ветры магии
284,341,Черный кошмар,Black Horrors,Цветная магия (Школа Теней),6,Ветры магии
298,342,Чист как стёклышко,Cleanslate,Ведьмовская магия (Школа Знахарства),0,Кровь и ежевика
25,343,Чревовещание,Murmured Whisper,Простейшие заклинания,0,Книга правил
335,344,Чувство металла,Sense Metal,Цветная магия (Школа Металла),1,Заклинания непревзойденной полезности Сулласары
112,345,Шаг сквозь тени,Shadowstep,Цветная магия (Школа Теней),8,Книга правил
191,346,Шепот природы,Nature's Whisper,Цветная магия (Школа Жизни),8,Ветры магии
61,347,Шкура охотника,Hunter’s Hide,Цветная магия (Школа Зверей),6,Книга правил
158,348,Шторм Шемтека,Storm of Shemtek,Цветная магия (Школа Небес),11,Ветры магии
332,349,Штормовой ветер,Gale,Цветная магия (Школа Небес),5,Заклинания непревзойденной полезности Сулласары
372,350,Ща мы почапали!,‘Ere We Go!,Заклинания большого Вааагх!,7,Племена и бедствия
88,351,Эгида Акши,Aqshy’s Aegis,Цветная магия (Школа Огня),5,Книга правил
47,352,Эфирное оружие,Aethyric Arms,Общие заклинания,2,Книга правил
48,353,Эфирный доспех,Aethyric Armour,Общие заклинания,2,Книга правил
62,354,Язык зверей,Beast Tongue,Цветная магия (Школа Зверей),3,Книга правил
283,355,Яма Тарнуса,Pit of Tarnus,Цветная магия (Школа Теней),8,Ветры магии
63,356,Янтарное копьё,The Amber Spear,Цветная магия (Школа Зверей),8,Книга правил
64,357,Янтарные когти,Amber Talons,Цветная магия (Школа Зверей),6,Книга правил
292,358,Янтарный транс,Amber trance,Цветная магия (Школа Зверей),4,Ветры магии
96,359,Ясность мыслей,Clarity of Thought,Цветная магия (Школа Света),6,Книга правил
